project,status,measurement_month,commits,authors,committers,minor_contributors,major_contributors,directories,top_level_dirs,releases,active_days,files_modified,files_added,files_deleted,files_renamed,added_lines,deleted_lines,emails,devs,emails_thread_starter,emails_thread_starter_word_count,emails_thread_starter_characters,emails_threads,emails_threads_word_count,emails_threads_characters,emails_no_replies,emails_no_replies_word_count,emails_no_replies_characters,emails_jira,new_contributors,avg_files_modified_commit,code,blanks,files,comments,lines,programming_lang,most_complex_unit_loc,most_complex_unit_mcabe_index,total_number_of_files,number_of_files_main,lines_of_code_main,number_of_files_test,lines_of_code_test,test_vs_main_lines_of_code_percentage,number_of_files_generated,lines_of_code_generated,number_of_files_build_and_deployment,lines_of_code_build_and_deployment,negligible_risk_file_size_count,low_risk_file_size_count,medium_risk_file_size_count,high_risk_file_size_count,very_high_risk_file_size_count,negligible_risk_file_size_loc,low_risk_file_size_loc,medium_risk_file_size_loc,high_risk_file_size_loc,very_high_risk_file_size_loc,number_of_units,lines_of_code_in_units,lines_of_code_outside_units,unit_size_negligible_risk_loc,unit_size_negligible_risk_count,unit_size_low_risk_loc,unit_size_low_risk_count,unit_size_medium_risk_loc,unit_size_medium_risk_count,unit_size_high_risk_loc,unit_size_high_risk_count,unit_size_very_high_risk_loc,unit_size_very_high_risk_count,conditional_complexity_negligible_risk_loc,conditional_complexity_negligible_risk_count,conditional_complexity_low_risk_loc,conditional_complexity_low_risk_count,conditional_complexity_medium_risk_loc,conditional_complexity_medium_risk_count,conditional_complexity_high_risk_loc,conditional_complexity_high_risk_count,conditional_complexity_very_high_risk_loc,conditional_complexity_very_high_risk_count,conditional_complexity_high_plus_risk_count,conditional_complexity_high_plus_risk_loc,number_of_contributors,duplication_number_of_duplicates,duplication_number_of_files_with_duplicates,duplication_number_of_duplicated_lines,duplication_percentage,unit_duplicates_count,stars,forks,open_prs,closed_prs,merged_prs,stale_prs,deploys
incubator-retired-quickstep,,1,71,8,8,1,6,203,16,0,21,1172,1865,2,1,723648,17289,0,0,0,0,0,0,0,0,0,0,0,0,8,16.507042253521128,315944,56726,1376,106043,478713,C++,0.0,0.0,0.0,0.0,0.0,0.0,0.0,0.0,0.0,0.0,0.0,0.0,0.0,0.0,0.0,0.0,0.0,0.0,0.0,0.0,0.0,0.0,0.0,0.0,0.0,0.0,0.0,0.0,0.0,0.0,0.0,0.0,0.0,0.0,0.0,0.0,0.0,0.0,0.0,0.0,0.0,0.0,0.0,0.0,0.0,0.0,0.0,0.0,0.0,0.0,0.0,0.0,0.0,0,0,0,0,0,0,0
incubator-retired-quickstep,,2,173,10,10,7,4,206,16,0,27,956,183,10,0,81591,29202,0,0,0,0,0,0,0,0,0,0,0,0,3,5.526011560693641,320659,57708,1409,107863,486230,C++,0.0,0.0,0.0,0.0,0.0,0.0,0.0,0.0,0.0,0.0,0.0,0.0,0.0,0.0,0.0,0.0,0.0,0.0,0.0,0.0,0.0,0.0,0.0,0.0,0.0,0.0,0.0,0.0,0.0,0.0,0.0,0.0,0.0,0.0,0.0,0.0,0.0,0.0,0.0,0.0,0.0,0.0,0.0,0.0,0.0,0.0,0.0,0.0,0.0,0.0,0.0,0.0,0.0,0,0,0,0,0,0,0
incubator-retired-quickstep,,3,85,14,13,6,6,185,17,0,28,795,79,185,0,39473,162183,0,0,0,0,0,0,0,0,0,0,0,0,4,9.352941176470589,272878,49363,1370,92524,414765,C++,0.0,0.0,0.0,0.0,0.0,0.0,0.0,0.0,0.0,0.0,0.0,0.0,0.0,0.0,0.0,0.0,0.0,0.0,0.0,0.0,0.0,0.0,0.0,0.0,0.0,0.0,0.0,0.0,0.0,0.0,0.0,0.0,0.0,0.0,0.0,0.0,0.0,0.0,0.0,0.0,0.0,0.0,0.0,0.0,0.0,0.0,0.0,0.0,0.0,0.0,0.0,0.0,0.0,0,0,0,0,0,0,0
incubator-retired-quickstep,,4,25,6,4,2,4,185,17,0,13,196,16,0,0,18290,8639,0,0,0,0,0,0,0,0,0,0,0,0,0,7.84,275788,49994,1380,93446,419228,C++,0.0,0.0,0.0,0.0,0.0,0.0,0.0,0.0,0.0,0.0,0.0,0.0,0.0,0.0,0.0,0.0,0.0,0.0,0.0,0.0,0.0,0.0,0.0,0.0,0.0,0.0,0.0,0.0,0.0,0.0,0.0,0.0,0.0,0.0,0.0,0.0,0.0,0.0,0.0,0.0,0.0,0.0,0.0,0.0,0.0,0.0,0.0,0.0,0.0,0.0,0.0,0.0,0.0,3,1,0,2,0,0,0
incubator-retired-quickstep,,5,42,13,3,4,7,185,17,0,5,381,36,5,0,15302,7008,0,0,0,0,0,0,0,0,0,0,0,0,3,9.071428571428571,280983,50976,1410,94917,426876,C++,0.0,0.0,0.0,0.0,0.0,0.0,0.0,0.0,0.0,0.0,0.0,0.0,0.0,0.0,0.0,0.0,0.0,0.0,0.0,0.0,0.0,0.0,0.0,0.0,0.0,0.0,0.0,0.0,0.0,0.0,0.0,0.0,0.0,0.0,0.0,0.0,0.0,0.0,0.0,0.0,0.0,0.0,0.0,0.0,0.0,0.0,0.0,0.0,0.0,0.0,0.0,0.0,0.0,0,2,0,11,15,0,0
incubator-retired-quickstep,,6,19,8,6,0,7,185,17,0,12,112,17,1,5,11791,6880,0,0,0,0,0,0,0,0,0,0,0,0,4,5.894736842105263,283045,51307,1425,96238,430590,C++,0.0,0.0,0.0,0.0,0.0,0.0,0.0,0.0,0.0,0.0,0.0,0.0,0.0,0.0,0.0,0.0,0.0,0.0,0.0,0.0,0.0,0.0,0.0,0.0,0.0,0.0,0.0,0.0,0.0,0.0,0.0,0.0,0.0,0.0,0.0,0.0,0.0,0.0,0.0,0.0,0.0,0.0,0.0,0.0,0.0,0.0,0.0,0.0,0.0,0.0,0.0,0.0,0.0,1,4,0,5,20,0,0
incubator-retired-quickstep,,7,30,8,4,7,1,187,17,0,18,1377,38,0,2,24204,15837,0,0,0,0,0,0,0,0,0,0,0,0,2,45.9,286187,52156,1461,99772,438115,C++,0.0,0.0,0.0,0.0,0.0,0.0,0.0,0.0,0.0,0.0,0.0,0.0,0.0,0.0,0.0,0.0,0.0,0.0,0.0,0.0,0.0,0.0,0.0,0.0,0.0,0.0,0.0,0.0,0.0,0.0,0.0,0.0,0.0,0.0,0.0,0.0,0.0,0.0,0.0,0.0,0.0,0.0,0.0,0.0,0.0,0.0,0.0,0.0,0.0,0.0,0.0,0.0,0.0,0,2,0,6,28,0,0
incubator-retired-quickstep,,8,8,3,2,0,3,187,17,0,5,67,7,0,0,2064,392,0,0,0,0,0,0,0,0,0,0,0,0,0,8.375,287230,52373,1468,99992,439595,C++,0.0,0.0,0.0,0.0,0.0,0.0,0.0,0.0,0.0,0.0,0.0,0.0,0.0,0.0,0.0,0.0,0.0,0.0,0.0,0.0,0.0,0.0,0.0,0.0,0.0,0.0,0.0,0.0,0.0,0.0,0.0,0.0,0.0,0.0,0.0,0.0,0.0,0.0,0.0,0.0,0.0,0.0,0.0,0.0,0.0,0.0,0.0,0.0,0.0,0.0,0.0,0.0,0.0,1,3,0,2,6,0,0
incubator-retired-quickstep,,9,13,7,6,0,7,187,17,0,9,74,4,0,0,10221,4592,0,0,0,0,0,0,0,0,0,0,0,0,3,5.6923076923076925,291130,52899,1471,101102,445131,C++,0.0,0.0,0.0,0.0,0.0,0.0,0.0,0.0,0.0,0.0,0.0,0.0,0.0,0.0,0.0,0.0,0.0,0.0,0.0,0.0,0.0,0.0,0.0,0.0,0.0,0.0,0.0,0.0,0.0,0.0,0.0,0.0,0.0,0.0,0.0,0.0,0.0,0.0,0.0,0.0,0.0,0.0,0.0,0.0,0.0,0.0,0.0,0.0,0.0,0.0,0.0,0.0,0.0,2,1,0,2,11,0,0
incubator-retired-quickstep,,10,20,6,7,2,4,188,17,0,13,117,22,3,0,5616,2324,0,0,0,0,0,0,0,0,0,0,0,0,0,5.85,292852,53302,1486,102036,448190,C++,0.0,0.0,0.0,0.0,0.0,0.0,0.0,0.0,0.0,0.0,0.0,0.0,0.0,0.0,0.0,0.0,0.0,0.0,0.0,0.0,0.0,0.0,0.0,0.0,0.0,0.0,0.0,0.0,0.0,0.0,0.0,0.0,0.0,0.0,0.0,0.0,0.0,0.0,0.0,0.0,0.0,0.0,0.0,0.0,0.0,0.0,0.0,0.0,0.0,0.0,0.0,0.0,0.0,4,6,0,4,14,0,0
incubator-retired-quickstep,,11,34,3,3,2,1,189,17,0,11,145,19,0,0,3289,775,0,0,0,0,0,0,0,0,0,0,0,0,0,4.264705882352941,294099,53717,1504,102714,450530,C++,0.0,0.0,0.0,0.0,0.0,0.0,0.0,0.0,0.0,0.0,0.0,0.0,0.0,0.0,0.0,0.0,0.0,0.0,0.0,0.0,0.0,0.0,0.0,0.0,0.0,0.0,0.0,0.0,0.0,0.0,0.0,0.0,0.0,0.0,0.0,0.0,0.0,0.0,0.0,0.0,0.0,0.0,0.0,0.0,0.0,0.0,0.0,0.0,0.0,0.0,0.0,0.0,0.0,5,2,0,1,22,0,0
incubator-retired-quickstep,,12,4,3,4,0,3,189,17,0,4,39,0,4,0,447,1644,0,0,0,0,0,0,0,0,0,0,0,0,0,9.75,293200,53536,1500,102589,449325,C++,0.0,0.0,0.0,0.0,0.0,0.0,0.0,0.0,0.0,0.0,0.0,0.0,0.0,0.0,0.0,0.0,0.0,0.0,0.0,0.0,0.0,0.0,0.0,0.0,0.0,0.0,0.0,0.0,0.0,0.0,0.0,0.0,0.0,0.0,0.0,0.0,0.0,0.0,0.0,0.0,0.0,0.0,0.0,0.0,0.0,0.0,0.0,0.0,0.0,0.0,0.0,0.0,0.0,0,1,0,0,3,0,1
incubator-retired-quickstep,,13,36,4,5,2,2,141,17,0,16,268,331,723,150,79328,236022,0,0,0,0,0,0,0,0,0,0,0,0,1,7.444444444444445,144475,29079,963,52339,225893,C++,0.0,0.0,0.0,0.0,0.0,0.0,0.0,0.0,0.0,0.0,0.0,0.0,0.0,0.0,0.0,0.0,0.0,0.0,0.0,0.0,0.0,0.0,0.0,0.0,0.0,0.0,0.0,0.0,0.0,0.0,0.0,0.0,0.0,0.0,0.0,0.0,0.0,0.0,0.0,0.0,0.0,0.0,0.0,0.0,0.0,0.0,0.0,0.0,0.0,0.0,0.0,0.0,0.0,0,0,0,4,23,0,0
incubator-retired-quickstep,,14,45,3,3,2,2,110,18,0,15,202,12,222,0,4390,150673,0,0,0,0,0,0,0,0,0,0,0,0,0,4.488888888888889,146128,29488,975,52819,228435,C++,0.0,0.0,0.0,0.0,0.0,0.0,0.0,0.0,0.0,0.0,0.0,0.0,0.0,0.0,0.0,0.0,0.0,0.0,0.0,0.0,0.0,0.0,0.0,0.0,0.0,0.0,0.0,0.0,0.0,0.0,0.0,0.0,0.0,0.0,0.0,0.0,0.0,0.0,0.0,0.0,0.0,0.0,0.0,0.0,0.0,0.0,0.0,0.0,0.0,0.0,0.0,0.0,0.0,1,0,0,2,23,0,0
incubator-retired-quickstep,,15,23,4,4,2,2,110,18,0,13,132,3,0,0,8354,6480,0,0,0,0,0,0,0,0,0,0,0,0,1,5.739130434782608,146847,29576,977,53035,229458,C++,0.0,0.0,0.0,0.0,0.0,0.0,0.0,0.0,0.0,0.0,0.0,0.0,0.0,0.0,0.0,0.0,0.0,0.0,0.0,0.0,0.0,0.0,0.0,0.0,0.0,0.0,0.0,0.0,0.0,0.0,0.0,0.0,0.0,0.0,0.0,0.0,0.0,0.0,0.0,0.0,0.0,0.0,0.0,0.0,0.0,0.0,0.0,0.0,0.0,0.0,0.0,0.0,0.0,11,2,0,6,14,0,0
incubator-retired-quickstep,,16,14,5,6,0,5,110,18,0,10,142,33,0,0,9435,1873,0,0,0,0,0,0,0,0,0,0,0,0,1,10.142857142857142,150529,30401,1006,54286,235216,C++,0.0,0.0,0.0,0.0,0.0,0.0,0.0,0.0,0.0,0.0,0.0,0.0,0.0,0.0,0.0,0.0,0.0,0.0,0.0,0.0,0.0,0.0,0.0,0.0,0.0,0.0,0.0,0.0,0.0,0.0,0.0,0.0,0.0,0.0,0.0,0.0,0.0,0.0,0.0,0.0,0.0,0.0,0.0,0.0,0.0,0.0,0.0,0.0,0.0,0.0,0.0,0.0,0.0,4,2,0,1,15,0,0
incubator-retired-quickstep,,17,5,1,1,0,1,110,18,0,4,12,0,0,0,76,78,0,0,0,0,0,0,0,0,0,0,0,0,0,2.4,150532,30400,1006,54282,235214,C++,0.0,0.0,0.0,0.0,0.0,0.0,0.0,0.0,0.0,0.0,0.0,0.0,0.0,0.0,0.0,0.0,0.0,0.0,0.0,0.0,0.0,0.0,0.0,0.0,0.0,0.0,0.0,0.0,0.0,0.0,0.0,0.0,0.0,0.0,0.0,0.0,0.0,0.0,0.0,0.0,0.0,0.0,0.0,0.0,0.0,0.0,0.0,0.0,0.0,0.0,0.0,0.0,0.0,1,0,0,0,9,0,0
incubator-retired-quickstep,,18,14,1,1,0,1,110,18,0,7,120,5,0,0,2988,711,0,0,0,0,0,0,0,0,0,0,0,0,0,8.571428571428571,151987,30711,1011,54618,237316,C++,0.0,0.0,0.0,0.0,0.0,0.0,0.0,0.0,0.0,0.0,0.0,0.0,0.0,0.0,0.0,0.0,0.0,0.0,0.0,0.0,0.0,0.0,0.0,0.0,0.0,0.0,0.0,0.0,0.0,0.0,0.0,0.0,0.0,0.0,0.0,0.0,0.0,0.0,0.0,0.0,0.0,0.0,0.0,0.0,0.0,0.0,0.0,0.0,0.0,0.0,0.0,0.0,0.0,0,0,0,0,12,0,0
incubator-retired-quickstep,,19,12,3,2,0,2,110,18,0,9,47,0,0,0,1191,412,0,0,0,0,0,0,0,0,0,0,0,0,1,3.9166666666666665,152462,30776,1011,54651,237889,C++,0.0,0.0,0.0,0.0,0.0,0.0,0.0,0.0,0.0,0.0,0.0,0.0,0.0,0.0,0.0,0.0,0.0,0.0,0.0,0.0,0.0,0.0,0.0,0.0,0.0,0.0,0.0,0.0,0.0,0.0,0.0,0.0,0.0,0.0,0.0,0.0,0.0,0.0,0.0,0.0,0.0,0.0,0.0,0.0,0.0,0.0,0.0,0.0,0.0,0.0,0.0,0.0,0.0,0,0,0,0,10,0,0
incubator-retired-quickstep,,20,14,2,2,0,2,110,18,0,8,178,10,2,0,7387,4407,0,0,0,0,0,0,0,0,0,0,0,0,0,12.714285714285714,154300,31039,1018,55047,240386,C++,0.0,0.0,0.0,0.0,0.0,0.0,0.0,0.0,0.0,0.0,0.0,0.0,0.0,0.0,0.0,0.0,0.0,0.0,0.0,0.0,0.0,0.0,0.0,0.0,0.0,0.0,0.0,0.0,0.0,0.0,0.0,0.0,0.0,0.0,0.0,0.0,0.0,0.0,0.0,0.0,0.0,0.0,0.0,0.0,0.0,0.0,0.0,0.0,0.0,0.0,0.0,0.0,0.0,4,0,0,1,15,0,0
incubator-retired-quickstep,,21,14,4,3,0,3,110,18,0,7,52,3,0,0,1038,368,0,0,0,0,0,0,0,0,0,0,0,0,0,3.7142857142857144,154614,31139,1021,55150,240903,C++,0.0,0.0,0.0,0.0,0.0,0.0,0.0,0.0,0.0,0.0,0.0,0.0,0.0,0.0,0.0,0.0,0.0,0.0,0.0,0.0,0.0,0.0,0.0,0.0,0.0,0.0,0.0,0.0,0.0,0.0,0.0,0.0,0.0,0.0,0.0,0.0,0.0,0.0,0.0,0.0,0.0,0.0,0.0,0.0,0.0,0.0,0.0,0.0,0.0,0.0,0.0,0.0,0.0,2,1,0,0,14,0,0
incubator-retired-quickstep,,22,12,3,3,0,3,110,18,0,7,49,2,0,0,2339,1822,0,0,0,0,0,0,0,0,0,0,0,0,1,4.083333333333333,154853,31195,1023,55273,241321,C++,0.0,0.0,0.0,0.0,0.0,0.0,0.0,0.0,0.0,0.0,0.0,0.0,0.0,0.0,0.0,0.0,0.0,0.0,0.0,0.0,0.0,0.0,0.0,0.0,0.0,0.0,0.0,0.0,0.0,0.0,0.0,0.0,0.0,0.0,0.0,0.0,0.0,0.0,0.0,0.0,0.0,0.0,0.0,0.0,0.0,0.0,0.0,0.0,0.0,0.0,0.0,0.0,0.0,3,5,0,2,8,1,0
incubator-retired-quickstep,,23,3,3,3,0,3,110,18,0,3,43,4,0,0,735,132,0,0,0,0,0,0,0,0,0,0,0,0,1,14.333333333333334,155164,31277,1027,55422,241863,C++,0.0,0.0,0.0,0.0,0.0,0.0,0.0,0.0,0.0,0.0,0.0,0.0,0.0,0.0,0.0,0.0,0.0,0.0,0.0,0.0,0.0,0.0,0.0,0.0,0.0,0.0,0.0,0.0,0.0,0.0,0.0,0.0,0.0,0.0,0.0,0.0,0.0,0.0,0.0,0.0,0.0,0.0,0.0,0.0,0.0,0.0,0.0,0.0,0.0,0.0,0.0,0.0,0.0,0,1,0,2,2,1,0
incubator-retired-quickstep,,24,3,2,2,0,2,103,18,0,2,82,2,72,1,756,21697,0,0,0,0,0,0,0,0,0,0,0,0,0,27.333333333333332,155253,31288,1028,55442,241983,C++,0.0,0.0,0.0,0.0,0.0,0.0,0.0,0.0,0.0,0.0,0.0,0.0,0.0,0.0,0.0,0.0,0.0,0.0,0.0,0.0,0.0,0.0,0.0,0.0,0.0,0.0,0.0,0.0,0.0,0.0,0.0,0.0,0.0,0.0,0.0,0.0,0.0,0.0,0.0,0.0,0.0,0.0,0.0,0.0,0.0,0.0,0.0,0.0,0.0,0.0,0.0,0.0,0.0,1,1,0,0,4,0,0
incubator-retired-quickstep,,25,1,1,1,0,1,103,18,0,1,7,0,0,0,28,21,0,0,0,0,0,0,0,0,0,0,0,0,0,7.0,155245,31288,1028,55442,241975,C++,0.0,0.0,0.0,0.0,0.0,0.0,0.0,0.0,0.0,0.0,0.0,0.0,0.0,0.0,0.0,0.0,0.0,0.0,0.0,0.0,0.0,0.0,0.0,0.0,0.0,0.0,0.0,0.0,0.0,0.0,0.0,0.0,0.0,0.0,0.0,0.0,0.0,0.0,0.0,0.0,0.0,0.0,0.0,0.0,0.0,0.0,0.0,0.0,0.0,0.0,0.0,0.0,0.0,1,1,0,0,1,0,0
incubator-retired-quickstep,,26,3,1,1,0,1,103,18,0,3,4,0,0,0,25,22,0,0,0,0,0,0,0,0,0,0,0,0,0,1.3333333333333333,155248,31288,1028,55442,241978,C++,0.0,0.0,0.0,0.0,0.0,0.0,0.0,0.0,0.0,0.0,0.0,0.0,0.0,0.0,0.0,0.0,0.0,0.0,0.0,0.0,0.0,0.0,0.0,0.0,0.0,0.0,0.0,0.0,0.0,0.0,0.0,0.0,0.0,0.0,0.0,0.0,0.0,0.0,0.0,0.0,0.0,0.0,0.0,0.0,0.0,0.0,0.0,0.0,0.0,0.0,0.0,0.0,0.0,2,2,0,1,4,0,0
incubator-retired-quickstep,,27,3,2,2,0,2,103,18,0,2,9,0,0,0,37,6,0,0,0,0,0,0,0,0,0,0,0,0,1,3.0,155265,31294,1028,55448,242007,C++,0.0,0.0,0.0,0.0,0.0,0.0,0.0,0.0,0.0,0.0,0.0,0.0,0.0,0.0,0.0,0.0,0.0,0.0,0.0,0.0,0.0,0.0,0.0,0.0,0.0,0.0,0.0,0.0,0.0,0.0,0.0,0.0,0.0,0.0,0.0,0.0,0.0,0.0,0.0,0.0,0.0,0.0,0.0,0.0,0.0,0.0,0.0,0.0,0.0,0.0,0.0,0.0,0.0,2,1,0,0,3,0,0
incubator-retired-quickstep,,28,10,3,3,0,3,103,18,0,7,156,4,0,0,4480,1260,0,0,0,0,0,0,0,0,0,0,0,0,0,15.6,157465,31803,1031,55665,244933,C++,0.0,0.0,0.0,0.0,0.0,0.0,0.0,0.0,0.0,0.0,0.0,0.0,0.0,0.0,0.0,0.0,0.0,0.0,0.0,0.0,0.0,0.0,0.0,0.0,0.0,0.0,0.0,0.0,0.0,0.0,0.0,0.0,0.0,0.0,0.0,0.0,0.0,0.0,0.0,0.0,0.0,0.0,0.0,0.0,0.0,0.0,0.0,0.0,0.0,0.0,0.0,0.0,0.0,6,0,0,0,10,0,0
incubator-retired-quickstep,,29,6,1,1,0,1,103,18,0,4,98,0,0,0,1801,1699,0,0,0,0,0,0,0,0,0,0,0,0,0,16.333333333333332,157476,31807,1031,55666,244949,C++,0.0,0.0,0.0,0.0,0.0,0.0,0.0,0.0,0.0,0.0,0.0,0.0,0.0,0.0,0.0,0.0,0.0,0.0,0.0,0.0,0.0,0.0,0.0,0.0,0.0,0.0,0.0,0.0,0.0,0.0,0.0,0.0,0.0,0.0,0.0,0.0,0.0,0.0,0.0,0.0,0.0,0.0,0.0,0.0,0.0,0.0,0.0,0.0,0.0,0.0,0.0,0.0,0.0,1,0,0,1,5,1,0
incubator-retired-quickstep,,30,4,3,3,0,3,103,18,0,4,12,4,0,0,601,35,0,0,0,0,0,0,0,0,0,0,0,0,0,3.0,157730,31871,1034,55753,245354,C++,0.0,0.0,0.0,0.0,0.0,0.0,0.0,0.0,0.0,0.0,0.0,0.0,0.0,0.0,0.0,0.0,0.0,0.0,0.0,0.0,0.0,0.0,0.0,0.0,0.0,0.0,0.0,0.0,0.0,0.0,0.0,0.0,0.0,0.0,0.0,0.0,0.0,0.0,0.0,0.0,0.0,0.0,0.0,0.0,0.0,0.0,0.0,0.0,0.0,0.0,0.0,0.0,0.0,3,0,0,0,2,1,0
incubator-retired-quickstep,,31,0,0,0,0,0,103,18,0,0,0,0,0,0,0,0,0,0,0,0,0,0,0,0,0,0,0,0,0,0.0,157730,31871,1034,55753,245354,C++,0.0,0.0,0.0,0.0,0.0,0.0,0.0,0.0,0.0,0.0,0.0,0.0,0.0,0.0,0.0,0.0,0.0,0.0,0.0,0.0,0.0,0.0,0.0,0.0,0.0,0.0,0.0,0.0,0.0,0.0,0.0,0.0,0.0,0.0,0.0,0.0,0.0,0.0,0.0,0.0,0.0,0.0,0.0,0.0,0.0,0.0,0.0,0.0,0.0,0.0,0.0,0.0,0.0,2,0,0,0,0,0,0
incubator-retired-quickstep,,32,0,0,0,0,0,103,18,0,0,0,0,0,0,0,0,0,0,0,0,0,0,0,0,0,0,0,0,0,0.0,157730,31871,1034,55753,245354,C++,0.0,0.0,0.0,0.0,0.0,0.0,0.0,0.0,0.0,0.0,0.0,0.0,0.0,0.0,0.0,0.0,0.0,0.0,0.0,0.0,0.0,0.0,0.0,0.0,0.0,0.0,0.0,0.0,0.0,0.0,0.0,0.0,0.0,0.0,0.0,0.0,0.0,0.0,0.0,0.0,0.0,0.0,0.0,0.0,0.0,0.0,0.0,0.0,0.0,0.0,0.0,0.0,0.0,5,3,0,0,0,0,0
incubator-retired-quickstep,,33,0,0,0,0,0,103,18,0,0,0,0,0,0,0,0,0,0,0,0,0,0,0,0,0,0,0,0,0,0.0,157730,31871,1034,55753,245354,C++,0.0,0.0,0.0,0.0,0.0,0.0,0.0,0.0,0.0,0.0,0.0,0.0,0.0,0.0,0.0,0.0,0.0,0.0,0.0,0.0,0.0,0.0,0.0,0.0,0.0,0.0,0.0,0.0,0.0,0.0,0.0,0.0,0.0,0.0,0.0,0.0,0.0,0.0,0.0,0.0,0.0,0.0,0.0,0.0,0.0,0.0,0.0,0.0,0.0,0.0,0.0,0.0,0.0,2,0,0,0,0,0,0
incubator-retired-quickstep,,34,1,1,1,0,1,103,18,0,1,7,0,0,0,31,5,0,0,0,0,0,0,0,0,0,0,0,0,1,7.0,157737,31878,1034,55753,245368,C++,0.0,0.0,0.0,0.0,0.0,0.0,0.0,0.0,0.0,0.0,0.0,0.0,0.0,0.0,0.0,0.0,0.0,0.0,0.0,0.0,0.0,0.0,0.0,0.0,0.0,0.0,0.0,0.0,0.0,0.0,0.0,0.0,0.0,0.0,0.0,0.0,0.0,0.0,0.0,0.0,0.0,0.0,0.0,0.0,0.0,0.0,0.0,0.0,0.0,0.0,0.0,0.0,0.0,3,5,0,0,1,0,0
incubator-retired-quickstep,,35,0,0,0,0,0,103,18,0,0,0,0,0,0,0,0,0,0,0,0,0,0,0,0,0,0,0,0,0,0.0,157737,31878,1034,55753,245368,C++,0.0,0.0,0.0,0.0,0.0,0.0,0.0,0.0,0.0,0.0,0.0,0.0,0.0,0.0,0.0,0.0,0.0,0.0,0.0,0.0,0.0,0.0,0.0,0.0,0.0,0.0,0.0,0.0,0.0,0.0,0.0,0.0,0.0,0.0,0.0,0.0,0.0,0.0,0.0,0.0,0.0,0.0,0.0,0.0,0.0,0.0,0.0,0.0,0.0,0.0,0.0,0.0,0.0,0,1,0,0,0,0,0
incubator-retired-quickstep,,36,0,0,0,0,0,103,18,0,0,0,0,0,0,0,0,0,0,0,0,0,0,0,0,0,0,0,0,0,0.0,157737,31878,1034,55753,245368,C++,0.0,0.0,0.0,0.0,0.0,0.0,0.0,0.0,0.0,0.0,0.0,0.0,0.0,0.0,0.0,0.0,0.0,0.0,0.0,0.0,0.0,0.0,0.0,0.0,0.0,0.0,0.0,0.0,0.0,0.0,0.0,0.0,0.0,0.0,0.0,0.0,0.0,0.0,0.0,0.0,0.0,0.0,0.0,0.0,0.0,0.0,0.0,0.0,0.0,0.0,0.0,0.0,0.0,0,0,0,0,0,0,0
